Time,Time Code,Country Name,Country Code,"GDP per capita, PPP (constant 2021 international $) [NY.GDP.PCAP.PP.KD]","Life expectancy at birth, total (years) [SP.DYN.LE00.IN]","School enrollment, tertiary (% gross) [SE.TER.ENRR]","Immunization, measles (% of children ages 12-23 months) [SH.IMM.MEAS]",Urban population (% of total population) [SP.URB.TOTL.IN.ZS],Carbon dioxide (CO2) emissions excluding LULUCF per capita (t CO2e/capita) [EN.GHG.CO2.PC.CE.AR5],Access to electricity (% of population) [EG.ELC.ACCS.ZS],Individuals using the Internet (% of population) [IT.NET.USER.ZS],"Unemployment, total (% of total labor force) (modeled ILO estimate) [SL.UEM.TOTL.ZS]","Agriculture, forestry, and fishing, value added (% of GDP) [NV.AGR.TOTL.ZS]","Industry (including construction), value added (% of GDP) [NV.IND.TOTL.ZS]","Inflation, consumer prices (annual %) [FP.CPI.TOTL.ZG]"
2017,YR2017,Afghanistan,AFG,2952.99891598909,63.016,..,64,25.25,0.226011227289355,97.7,13.5,11.184,26.4201990834448,10.0518739969063,4.97595150553892
2017,YR2017,Albania,ALB,14095.7590458888,79.047,58.0177803039551,96,59.383,1.85891071277559,99.9,62.4,13.616,19.0221266422351,20.3584083577153,1.98666133171199
2017,YR2017,Algeria,DZA,15427.6641894871,75.743,49.3779106140137,88,72.052,3.99506357734631,99.5,47.7,12,11.0318809304784,33.4766949498416,5.59111590961664
2017,YR2017,American Samoa,ASM,..,..,..,..,87.17,0.00193851044857132,..,..,..,..,..,..
2017,YR2017,Andorra,AND,63239.6577711911,..,15.4369401931763,99,88.15,..,100,91.6,..,0.559538512516191,10.3955176672591,..
2017,YR2017,Angola,AGO,9042.11712940232,61.68,9.65568923950195,42,64.839,0.924168969446141,42.9,26,16.61,10.0169959653141,42.1679537698985,29.8444799015679
2017,YR2017,Antigua and Barbuda,ATG,27143.0416282234,78.268,..,99,24.713,3.06185612592298,100,72,..,1.66492908993713,18.849038849958,2.43248789041363
2017,YR2017,Argentina,ARG,28334.904184742,76.833,89.2329406738281,89,91.749,4.3211555474833,100,74.3,8.347,5.23162237725058,21.782123219335,..
2017,YR2017,Armenia,ARM,14243.8749003795,74.906,53.5907592773438,96,63.103,1.90931059944955,99.7,64.7,17.704,14.9942601242776,25.8095323791656,0.969553268816138
2017,YR2017,Aruba,ABW,38558.0045581753,75.903,..,..,43.293,4.29116659769164,100,97.2,..,0.0239185699152083,12.3948233277596,-1.02828178762012
2017,YR2017,Australia,AUS,56648.8086593728,82.5,109.993309020996,94,85.904,16.7057285715517,100,86.5,5.592,2.70644694209046,23.4740606091639,1.94864740944527
2017,YR2017,Austria,AUT,62555.6934724317,81.6439024390244,83.8392562866211,96,58.094,7.96882910568673,100,87.9,5.561,1.19990203076681,25.8023213025638,2.08126911385587
2017,YR2017,Azerbaijan,AZE,19675.9598908264,72.248,28.4670600891113,98,55.343,3.47367417990177,100,79,5,5.60736901068842,49.7017251037138,12.9359184187335
2017,YR2017,"Bahamas, The",BHS,32442.7229938499,73.632,..,90,82.925,3.51767673534195,100,80.6,9.8,0.783708025856644,13.1481526882248,1.51820700736147
2017,YR2017,Bahrain,BHR,53859.7749589601,79.689,45.1864395141602,99,89.186,22.4872028544097,100,95.9,1.194,0.27707464645461,39.9934662996166,1.38671830576406
2017,YR2017,Bangladesh,BGD,6005.70718781048,71.788,18.5305080413818,97,35.858,0.622894753150526,88,21.5,4.372,12.9572760433733,31.2482919641603,5.70207015717239
2017,YR2017,Barbados,BRB,18740.3488338921,76.936,..,92,31.159,2.43565536761478,100,72.3,8.622,1.90604243027997,13.8367970386892,4.66018463955996
2017,YR2017,Belarus,BLR,25503.9809859339,74.1292682926829,91.3261489868164,97,78.134,6.36653663515202,98.7,74.4,5.648,7.56610054090858,31.5542610734955,6.03183725177793
2017,YR2017,Belgium,BEL,58502.2552655238,81.4926829268293,80.7738189697266,96,97.961,8.76474858634931,100,87.7,7.09,0.729532583142538,19.1545604130921,2.12597086002607
2017,YR2017,Belize,BLZ,11574.452447147,73.562,24.7719898223877,90,45.601,0.759374279880601,94.2,48.9,6.596,8.56020826898469,14.0934562944006,1.14765339305816
2017,YR2017,Benin,BEN,3041.77929984989,59.856,11.7388401031494,65,46.768,0.601464478586818,34.5,18.7,1.659,28.4890165273264,15.1075858507501,0.0432648555103608
2017,YR2017,Bermuda,BMU,95666.1631169636,82.351,22.4178009033203,..,100,4.48582843121835,100,98.4,..,0.274700811333467,5.50930538497597,..
2017,YR2017,Bhutan,BTN,13482.3425253264,70.847,14.7713375091553,97,40.167,2.04736622322973,97.7,54.3,3.016,12.9297924309236,39.0388793568182,4.95508366985129
2017,YR2017,Bolivia,BOL,9642.81396069058,67.701,..,83,69.08,1.9180513138116,91.8,43.8,3.655,11.5893359419581,26.3699744223227,2.8227580554717
2017,YR2017,Bosnia and Herzegovina,BIH,15541.0150248586,76.935,46.4159202575684,69,47.876,6.99601187861691,100,64.9,20.527,5.43104998511606,23.1210738626282,0.810039425333895
2017,YR2017,Botswana,BWA,17352.9293381836,66.753,22.4400691986084,97,68.7,3.28360421343891,67.4,47.9,19.664,1.8419939490754,37.1010050249191,3.30828076768219
2017,YR2017,Brazil,BRA,17724.4799591551,74.827,50.0267486572266,87,86.309,2.41568284305132,99.8,67.5,12.792,4.60059169575972,18.1885023093992,3.44637335032669
2017,YR2017,British Virgin Islands,VGB,..,74.785,..,..,47.337,2.05205052142267,100,77.7,..,..,..,..
2017,YR2017,Brunei Darussalam,BRN,78966.8642961288,74.722,34.9116706848145,97,77.312,18.1883301137782,100,94.9,9.316,1.08645099266659,59.7205892141163,-1.2605056462896
2017,YR2017,Bulgaria,BGR,25632.1520823556,74.8146341463415,81.2245864868164,94,74.669,6.96436816160438,98.1,63.4,6.164,4.04317689807308,23.9892951281784,2.06159619443141
2017,YR2017,Burkina Faso,BFA,2232.28781490944,59.536,5.85665988922119,88,28.743,0.22411323946474,17,7.79,4.656,20.5863197033828,25.1500158888108,1.48299897161325
2017,YR2017,Burundi,BDI,880.993440128706,61.553,4.43720865249634,90,12.706,0.0465986869286077,9.3,2.66,1.247,28.5466470060171,10.9931308053063,16.0525353030392
2017,YR2017,Cabo Verde,CPV,8234.56000312459,76.593,21.1641502380371,96,65.261,1.69528537141275,88.6,57.2,12.24,5.37533502619645,12.5188038438799,0.784415251101334
2017,YR2017,Cambodia,KHM,5632.03125629342,70.515,15.0735502243042,85,22.98,0.737163303381518,89.1,32.9,0.141,17.8681771583586,34.2980809169165,2.91263557371478
2017,YR2017,Cameroon,CMR,4797.97544185544,60.81,12.7472696304321,67,55.777,0.408142187771268,60.9,23.2,3.568,16.6929418227731,24.2621952863109,0.64040914988195
2017,YR2017,Canada,CAN,56522.0146718025,81.8329268292683,70.6271591186523,90,81.35,16.2277461463686,100,92.7,6.426,1.88999463244888,24.0278028870792,1.59688412852977
2017,YR2017,Cayman Islands,CYM,74564.7386458281,..,33.5451774597168,..,100,4.34492910823584,100,81.1,..,0.418315712387287,7.19381823523329,..
2017,YR2017,Central African Republic,CAF,1103.86609318724,53.721,..,41,40.98,0.0540939616076817,14.1,4,5.534,32.7901712257048,20.7372245546503,4.18072331871267
2017,YR2017,Chad,TCD,1887.50297799522,52.308,..,37,22.858,0.138426253647003,10.9,6.4,1.116,32.8122227117827,30.4294114663739,-1.53709962980849
2017,YR2017,Channel Islands,CHI,..,81.331,..,..,30.914,..,100,..,7.12,0.807952897379885,8.01938141645934,..
2017,YR2017,Chile,CHL,27929.4755431953,80.35,89.921989440918,93,87.49,4.83419570633295,99.7,82.3,7.257,4.28097161367726,27.3811560666543,2.18271846868519
2017,YR2017,China,CHN,16461.069929896,77.248,51.5827713012695,99,57.96,7.90503403845396,100,54.3,4.47,7.46356501656873,39.8516984491913,1.59313600071436
2017,YR2017,Colombia,COL,16955.7402315425,76.646,58.3960418701172,93,80.446,1.62427693807315,98.5,62.3,9.086,6.38966355268118,26.8148589146209,4.31431325695011
2017,YR2017,Comoros,COM,3465.63055618837,63.625,..,75,28.784,0.337267682434459,78.7,8.48,4.03,31.8988868689753,9.13735009601101,..
2017,YR2017,"Congo, Dem. Rep.",COD,1253.18734939772,59.411,..,65,43.88,0.0359333704456503,18,8.62,4.601,19.7026974970704,55.884401703307,..
2017,YR2017,"Congo, Rep.",COG,7372.77046737599,63.76,12.2616300582886,70,66.459,1.03358038322104,46.2,8.65,20.611,7.30993971951451,45.9671895089887,0.450063823285546
2017,YR2017,Costa Rica,CRI,22631.5061118079,79.377,54.4580307006836,96,78.56,1.70781553361501,99.6,71.6,7.729,4.69977633159901,19.3145397059632,1.62590692991732
2017,YR2017,Cote d'Ivoire,CIV,5556.11366322898,58.48,9.47000026702881,70,50.326,0.461213796748124,65.6,43.8,3.272,16.9409871496938,19.8085626532407,0.685881065304603
2017,YR2017,Croatia,HRV,32324.4750650869,77.8268292682927,71.3775863647461,89,56.667,4.65070704336386,100,67.1,11.208,2.8900346997748,19.7709861228507,1.12937210282347
2017,YR2017,Cuba,CUB,..,77.529,40.4316596984863,99,76.977,2.35540565205961,99.4,57.1,1.7,3.80018101242936,24.3566251406905,..
2017,YR2017,Curacao,CUW,29729.2508428073,78.0170731707317,16.5101642608643,..,89.203,..,100,68.1,..,0.166281799472839,15.40989746938,1.58558801700345
2017,YR2017,Cyprus,CYP,42093.39453125,81.328,75.9408111572266,90,66.836,5.86944649299396,100,80.7,11.155,1.85263298228741,11.3472324007128,0.531766496174467
2017,YR2017,Czechia,CZE,45136.7331871432,78.9780487804878,67.7142181396484,97,73.675,10.4182024567986,100,78.7,2.893,2.10545968755889,32.2345069182507,2.4505339846014
2017,YR2017,Denmark,DNK,64757.2066913092,81.1024390243903,81.3220062255859,97,87.757,5.82350675978061,100,97.1,5.833,1.25985806734514,20.4236252284711,1.14713216957602
2017,YR2017,Djibouti,DJI,5398.75077138447,62.797,..,81,77.648,0.629289153531196,60.2,55.7,26.064,1.29424095183589,12.4061244543166,0.568112117084804
2017,YR2017,Dominica,DMA,15710.7113748193,67.525,..,77,70.181,1.01027797243635,98.9,69.6,..,13.4051512935044,11.0723694955936,0.296252889279487
2017,YR2017,Dominican Republic,DOM,19414.0012214465,73.063,59.9155883789062,86,80.277,2.22925377264857,100,67.6,5.832,5.34266664299661,28.0687739986086,3.27955694678546
2017,YR2017,Ecuador,ECU,14161.7051815893,76.972,..,81,63.67,2.37262775858901,99.2,55.8,3.836,7.90222040951574,28.4680086969835,0.417335588666825
2017,YR2017,"Egypt, Arab Rep.",EGY,14018.360593453,71.302,33.1621017456055,94,42.705,2.52735357140918,100,45,11.767,10.9863805629257,34.3958680933773,29.5066083940039
2017,YR2017,El Salvador,SLV,10064.7934942601,72.311,27.4678001403809,89,71.275,1.06681657601239,96.8,33.8,4.385,5.39300914080881,25.1714727339037,1.0123540331558
2017,YR2017,Equatorial Guinea,GNQ,22250.4389230263,60.821,..,52,71.646,3.12788819223808,66.4,26.2,8.004,2.31546339686272,56.8622280929059,0.74435474661241
2017,YR2017,Eritrea,ERI,..,66.577,..,93,39.451,0.186042997803099,48,2.5,5.577,..,..,..
2017,YR2017,Estonia,EST,39903.3724760975,78.0926829268293,72.1369781494141,93,68.717,16.1097295852994,100,88.1,5.807,2.33885596628311,23.180862044638,3.41723549488054
2017,YR2017,Eswatini,SWZ,9658.12771598813,57.895,..,89,23.625,0.958387836245192,73.5,35.3,24.523,8.2050108835588,34.9040458161664,6.22137528933118
2017,YR2017,Ethiopia,ETH,2222.82813075835,64.838,..,58,20.31,0.144700548930717,44.3,15.6,2.662,33.7792806688833,23.5819061799905,10.6871150284238
2017,YR2017,Faroe Islands,FRO,64571.9171199037,82.2439024390244,..,..,41.914,0.0398549280618549,100,97.6,..,17.9788585658383,17.3064999745896,..
2017,YR2017,Fiji,FJI,13090.5006401531,67.79,82.9545288085938,99,55.742,1.90452556111015,96,53.6,4.324,10.5318277050456,15.6940490967514,3.3475783475784
2017,YR2017,Finland,FIN,55555.4402790803,81.6317073170732,90.6983871459961,94,85.325,8.36441721400076,100,87.5,8.64,2.06803556647353,24.4706416384075,0.754015047084346
2017,YR2017,France,FRA,51848.6484368553,82.5756097560976,65.8022308349609,90,80.18,5.07106755400115,100,80.5,9.409,1.43496006533197,16.7483032647876,1.03228275064662
2017,YR2017,French Polynesia,PYF,..,82.618,..,..,61.784,3.58852785027509,100,72.7,11.573,3.0564999715999,10.3548389714295,..
2017,YR2017,Gabon,GAB,19555.7078829222,66.189,..,63,88.976,2.60869766794937,86.3,51.6,20.303,5.2657648440765,45.4673089938161,2.65192583143902
2017,YR2017,"Gambia, The",GMB,2533.18683710276,62.995,..,90,60.599,0.218727011355616,56.2,22.5,5.157,21.0018946913892,17.8927550195818,8.03418974545911
2017,YR2017,Georgia,GEO,16237.6242230275,73.57,62.7497596740723,95,58.231,2.99597318028629,100,59.7,13.939,6.91860933720368,21.2674893565554,6.03531725272117
2017,YR2017,Germany,DEU,61935.5823919125,80.9926829268293,68.4692306518555,97,77.261,9.37546948533168,100,84.4,3.781,0.860523969487648,26.1175704194698,1.50949485109628
2017,YR2017,Ghana,GHA,5993.63085211077,64.013,16.3660793304443,95,55.407,0.56531257929042,79,37.9,3.369,19.5617099184239,29.9522176933621,12.3719215507048
2017,YR2017,Gibraltar,GIB,..,81.83,..,..,100,18.9750328515112,100,..,..,..,..,..
2017,YR2017,Greece,GRC,31966.5629313823,81.2878048780488,135.333923339844,97,78.724,6.35806052416813,100,69.9,21.413,3.7522702094539,13.5438938901132,1.12125452031419
2017,YR2017,Greenland,GRL,65396.6827812631,71.9321951219512,..,..,86.574,9.15046642455316,100,69.5,..,19.0568753352559,17.0105529266181,..
2017,YR2017,Grenada,GRD,16301.4724432012,74.765,95.3775787353516,85,36.164,1.10795405325803,92.2,54.2,..,5.37154325760442,12.715876749963,0.908458255874249
2017,YR2017,Guam,GUM,..,77.155,..,..,94.699,0.00183497461618448,100,80.5,5.418,..,..,..
2017,YR2017,Guatemala,GTM,11009.2867444783,72.551,17.1044540405273,94,50.68,1.03531299530758,93.3,37.9,2.462,9.69628663196754,21.9049097758764,4.42453655182538
2017,YR2017,Guinea,GIN,3332.76576150531,59.109,8.52771759033203,47,35.793,0.259388701077593,35.4,18.7,4.826,20.5284733113745,31.653986926333,8.91435947913097
2017,YR2017,Guinea-Bissau,GNB,2277.6428917182,60.066,..,66,42.945,0.159983207889735,26,14.8,3.066,36.3584920912937,11.7058928971019,1.69111461822289
2017,YR2017,Guyana,GUY,12801.640438226,68.667,..,99,26.538,3.21257965409595,90,42.7,13.462,22.7580270434004,26.2070906824899,1.90465615515584
2017,YR2017,Haiti,HTI,3474.34692898372,63.854,..,69,54.346,0.331492100855686,43.3,27.2,13.881,18.8264709950195,23.7054083866046,10.6800887242584
2017,YR2017,Honduras,HND,6099.60734919414,72.692,24.4584407806396,98,56.457,0.973932683690273,86.5,31.7,5.528,12.6697681094878,26.5389223099615,3.93436084442044
2017,YR2017,"Hong Kong SAR, China",HKG,65662.8109535245,84.6956097560976,72.9228515625,..,100,5.96963425850782,100,89.4,3.124,0.0652727034141459,7.21876244307908,1.49387243939522
2017,YR2017,Hungary,HUN,33619.809164594,75.8170731707317,49.910270690918,99,71.062,5.22712277504846,100,76.8,4.156,3.75419763895675,25.1696808716092,2.34824281150154
2017,YR2017,Iceland,ISL,63943.2920504196,82.6609756097561,71.3372497558594,92,93.773,9.69918462434479,100,98.3,2.742,3.77800002570441,19.5602567935748,1.76041559180596
2017,YR2017,India,IND,7326.60693679859,70.467,27.9090518951416,90,33.6,1.78999731844213,91.8,18.2,7.618,16.5583314049368,26.5000166464804,3.32817337461298
2017,YR2017,Indonesia,IDN,11772.5743296107,69.936,36.633861541748,90,54.659,2.00382979913667,98.1,32.3,3.783,13.1566308462661,39.3791548040237,3.80879806953157
2017,YR2017,"Iran, Islamic Rep.",IRN,15108.1094121896,75.971,68.1274108886719,99,74.394,7.83565723325155,99.9,64,12.232,9.82705877594884,36.2293263183709,8.04492437660278
2017,YR2017,Iraq,IRQ,14417.6306896454,70.413,..,81,70.278,4.21176025748352,99.9,49.4,13.02,2.97672780101335,51.3296814634291,0.18405889884769
2017,YR2017,Ireland,IRL,88229.6758554195,82.1560975609756,77.7806167602539,92,62.947,7.96511535994182,100,84.1,6.713,1.11924663459632,36.2358904469279,0.362173038229378
2017,YR2017,Isle of Man,IMN,..,80.457,..,..,52.458,..,100,..,..,0.400506349187324,7.43195587054351,..
2017,YR2017,Israel,ISR,42665.265663717,82.5512195121951,59.0658683776855,98,92.336,7.79586379442921,100,81.6,4.14,1.4382377166529,18.6105379660497,0.25941497450575
2017,YR2017,Italy,ITA,48374.1633532922,82.9463414634147,62.69580078125,92,70.144,5.7144500537682,100,63.1,11.211,1.89343264776643,20.7926142437946,1.22653316645812
2017,YR2017,Jamaica,JAM,9964.39102196217,71.911,..,95,55.378,2.58462712073881,97.4,55.1,7.399,6.63178586034485,19.4369995118798,4.37839864991561
2017,YR2017,Japan,JPN,44547.0524430962,84.099756097561,62.4629783630371,97,91.535,9.59147213558895,100,91.7,2.822,1.12844054943922,28.8824260088632,0.484199796126385
2017,YR2017,Jordan,JOR,9339.81054860678,75.502,28.6210594177246,93,90.747,2.59421669992435,100,64.5,18.12,4.44200042789941,24.5139698529782,3.32389447576097
2017,YR2017,Kazakhstan,KAZ,31524.4416339794,72.95,51.0654792785645,99,57.336,12.2069827515446,100,76.4,4.9,4.51698454026741,32.3252253010728,7.44266321306792
2017,YR2017,Kenya,KEN,4846.86210851932,62.481,11.8862104415894,84,26.562,0.40527856488443,55.8,17.8,3.541,20.8936374065292,17.5035092078691,8.00564967709945
2017,YR2017,Kiribati,KIR,2822.66878526129,66.597,..,81,53.262,0.65599667428809,85.7,25.3,..,31.0321370238192,12.4167585745973,0.355520888546828
2017,YR2017,"Korea, Dem. People's Rep.",PRK,..,72.978,..,99,61.678,2.8506983326832,44.2,..,2.846,..,..,..
2017,YR2017,"Korea, Rep.",KOR,44415.6596220307,82.6268292682927,93.7230224609375,97,81.503,13.003046167811,100,95.1,3.653,1.8507562953431,34.766308535902,1.94433230786366
2017,YR2017,Kosovo,XKX,10856.2902074239,78.783,..,..,..,..,..,83.9,..,7.40871957581394,27.5275719677758,1.48823430592319
2017,YR2017,Kuwait,KWT,52022.7232984952,79.781,55.13330078125,99,100,23.1539477598505,100,98,2.227,0.52509203800542,55.6192158697721,2.17183298510006
2017,YR2017,Kyrgyz Republic,KGZ,5861.22246508753,71.2,41.2773246765137,95,36.135,1.52799512835208,100,50.8,3.57,12.5145788958853,27.3080934715766,3.1753098637994
2017,YR2017,Lao PDR,LAO,7432.4596330485,67.434,15.4383745193481,86,34.368,2.74204857777986,93.6,25.5,3.268,16.1997598561979,30.91247539947,0.825478607568026
2017,YR2017,Latvia,LVA,33006.7007301215,74.6292682926829,88.0574264526367,96,68.075,3.82561856158431,100,80.1,8.715,3.62476211824764,19.7767293914993,2.93036312374665
2017,YR2017,Lebanon,LBN,16128.5838196051,79.654,43.9945793151855,81,88.429,4.75553430058596,99.9,78.2,10.251,2.79291148520091,14.9268797796791,4.32135218303191
2017,YR2017,Lesotho,LSO,2924.68096193272,53.064,10.1464996337891,90,27.73,0.326501661945844,33.7,39,16.401,4.9636238571378,28.5730617255808,4.447699373763
2017,YR2017,Liberia,LBR,1661.30290782171,60.553,..,75,50.697,0.24900364513784,24.2,16.3,3.066,35.9426159185731,15.4416514284322,12.4196323907138
2017,YR2017,Libya,LBY,15424.055430096,72.482,..,94,79.817,8.23826900161306,70.6,..,19.02,3.87477645520451,38.9800161101817,25.8036184788338
2017,YR2017,Liechtenstein,LIE,..,83.7463414634147,35.6219291687012,..,14.315,..,100,99.5,..,0.134897728698707,44.078617141423,..
2017,YR2017,Lithuania,LTU,38934.5168324669,75.4804878048781,68.3863372802734,94,67.516,4.93596563148887,100,77.6,7.073,3.54933633712632,25.720457681502,3.72288862303707
2017,YR2017,Luxembourg,LUX,131353.485058714,82.0951219512195,19.5990200042725,99,90.727,15.4077567009203,100,97.4,5.523,0.23457255011554,10.8183368591649,1.73079959118887
2017,YR2017,"Macao SAR, China",MAC,133500.278526898,84.563,81.265510559082,..,100,4.923658235657,100,83.2,1.987,..,4.99677284541064,1.22812404052816
2017,YR2017,Madagascar,MDG,1675.55914894277,65.094,5.23624992370605,55,36.522,0.132598561876187,24.1,6.4,2.119,24.5501377693098,20.1123576645922,8.60905075422949
2017,YR2017,Malawi,MWI,1613.0593571462,62.977,..,83,16.714,0.298413805317878,12.7,7,5.039,22.9262319821323,17.747962478614,11.5433939188771
2017,YR2017,Malaysia,MYS,29551.5457597197,75.476,43.6680450439453,96,75.447,7.35156129174867,100,80.1,3.41,8.59827695237266,38.1147163565611,3.87120115774237
2017,YR2017,Maldives,MDV,19948.4385847652,79.943,34.778018951416,99,39.38,4.00447754354804,99.8,65,5.401,5.27109968794242,11.4251984593511,2.81747338234509
2017,YR2017,Mali,MLI,2375.34723535826,59.132,4.16489362716675,70,41.572,0.255735990859744,34.8,18.9,1.494,36.8904211458939,19.3891084098606,1.75985742927156
2017,YR2017,Malta,MLT,51413.0844116677,82.3463414634146,52.8446311950684,91,94.546,3.32928061812098,100,81,4.002,0.67566884158686,11.4560569469054,1.36435448150708
2017,YR2017,Marshall Islands,MHL,5199.34447953057,64.27,..,83,76.634,0,93.8,38.7,..,15.8322414599906,13.0123069723912,..
2017,YR2017,Mauritania,MRT,6050.62180822951,65.083,5.14321994781494,75,52.824,0.887711965040612,42.9,21,10.336,22.7188300742502,23.7456292323677,2.25427651934813
2017,YR2017,Mauritius,MUS,24073.2325633886,74.5146341463415,39.6618804931641,89,40.841,3.33270877161359,99.6,55.4,6.752,2.99474898543124,17.7627251983141,3.66699702675916
2017,YR2017,Mexico,MEX,21771.2405542751,74.138,40.3390693664551,76,79.867,4.05637657039332,100,53,3.419,3.29751177575275,31.9586846731805,6.04145724018986
2017,YR2017,"Micronesia, Fed. Sts.",FSM,3811.7896520226,71.467,..,76,22.608,0,76.5,35.3,..,27.6299442896936,5.42941504178273,0.58225373525489
2017,YR2017,Moldova,MDA,13118.8219369605,70.516,51.947338104248,93,42.557,3.01336859286241,100,49.9,1.586,12.1995910772854,21.0188767695091,6.57022997455605
2017,YR2017,Monaco,MCO,..,..,..,88,100,..,100,97.1,..,..,12.801953584793,..
2017,YR2017,Mongolia,MNG,14401.5375067562,70.237,65.412841796875,99,68.363,6.69179276557623,93.6,23.7,6.359,11.1372332713568,37.4184116118863,4.30143105302342
2017,YR2017,Montenegro,MNE,22852.8824513043,76.4853658536585,60.9102210998535,58,66.477,..,100,71.3,16.082,6.85389074108922,14.8613741835193,2.3802359905313
2017,YR2017,Morocco,MAR,8450.0087890625,73.66,33.7370109558105,99,61.908,1.80121576266493,100,61.8,9.223,11.1602887992375,25.405454806575,0.754663249323619
2017,YR2017,Mozambique,MOZ,1532.0073576114,59.771,7.24044990539551,83,35.455,0.295085707282434,24.3,7.8,3.539,26.0749604736416,23.6070708049686,15.1132073899384
2017,YR2017,Myanmar,MMR,5877.87465558136,65.843,..,83,30.322,0.65006147613087,69.8,23.6,1.356,23.4041280962744,36.8009211203558,4.5725365531752
2017,YR2017,Namibia,NAM,11408.7253099967,62.293,23.3570709228516,80,49.005,1.66954344750171,52.5,36.8,21.733,7.67615608936274,26.0770180870695,6.14579981111164
2017,YR2017,Nauru,NRU,10763.8230469299,62.988,..,95,100,0,99.8,62.4,..,..,..,..
2017,YR2017,Nepal,NPL,4071.70431755798,68.91,12.1109495162964,90,19.336,0.471203399718784,86.6,24.3,10.66,23.6995484588973,12.8625858898462,3.62709610696607
2017,YR2017,Netherlands,NLD,65606.7259112921,81.7609756097561,83.2009887695312,93,91.077,9.81196051950769,100,93.2,4.837,1.96787421373596,17.1210117451832,1.38145871407206
2017,YR2017,New Caledonia,NCL,..,77.5390243902439,..,..,70.256,16.5126646117385,100,82,11.676,2.01190197330879,21.2465805302539,..
2017,YR2017,New Zealand,NZL,46165.9419905572,81.8585365853659,81.2698593139648,93,86.466,7.52004736579691,100,87.7,4.736,5.91454437886105,20.4616749907128,1.85078767452536
2017,YR2017,Nicaragua,NIC,7330.63106959886,73.554,..,99,58.299,0.898288868788998,84.6,30.4,3.3,14.9966206430434,24.8172733417013,3.85067166284727
2017,YR2017,Niger,NER,1520.0015371232,62.16,3.89881992340088,82,16.35,0.0924683349252448,17.6,10.2,0.554,35.816868204144,21.0721536929256,2.79637318871275
2017,YR2017,Nigeria,NGA,5651.73413165037,52.305,11.5785512924194,54,49.519,0.594333975254568,54.4,25.9,4.828,20.8465714300542,22.3151171946859,16.5022662139641
2017,YR2017,North Macedonia,MKD,20102.9236582082,75.9536585365854,43.5097694396973,83,57.748,4.20581495235843,100,74.5,22.857,7.87324504211252,24.2589458765972,1.35161889677442
2017,YR2017,Northern Mariana Islands,MNP,..,..,..,..,91.53,0,100,..,..,..,..,..
2017,YR2017,Norway,NOR,87115.3899943892,82.609756097561,83.7353363037109,96,81.871,8.98392789192582,100,96.4,4.164,1.91877892439687,30.4933671932528,1.87510059552554
2017,YR2017,Oman,OMN,38691.1077105097,77.924,43.5767784118652,99,83.56,18.1494848587163,100,80.2,2.522,1.98459925247834,49.5943955174432,1.58909413567799
2017,YR2017,Pakistan,PAK,5031.56060738433,66.297,8.80055046081543,76,36.442,0.955178531852753,92.7,13.8,3.215,21.9632035366872,18.0993270885214,4.08537368032608
2017,YR2017,Palau,PLW,19237.9316707645,..,..,93,79.365,67.1625870199865,100,..,..,3.53641456582633,8.19327731092437,1.4179881966692
2017,YR2017,Panama,PAN,31979.8122713941,77.795,..,98,67.365,2.4753416138309,93.7,60,5.338,2.57262188471475,28.2545621318825,0.875585918759878
2017,YR2017,Papua New Guinea,PNG,4322.22282076557,65.103,..,41,13.102,0.708650471079064,19.2,11.2,2.569,17.649568905745,36.3598597357265,5.42204568023834
2017,YR2017,Paraguay,PRY,15320.3366476959,73.644,..,92,61.3,1.33263181808142,99.3,61.1,6.138,10.1848244821521,34.3937589134534,3.60247741348943
2017,YR2017,Peru,PER,15072.2038993295,75.879,71.2465515136719,88,77.72,1.76238594560569,94.8,50.5,3.691,6.77975956010925,31.2978841231473,2.99490045809443
2017,YR2017,Philippines,PHL,8584.13622704702,71.516,35.4054260253906,81,46.682,1.25437278109918,93,41.6,2.552,10.1829541315339,30.1265505771364,2.85318772590947
2017,YR2017,Poland,POL,34323.5804522767,77.7536585365854,70.6174621582031,94,60.105,8.69521824800461,100,76,4.867,2.98537285986431,28.8090759581658,2.0759355367385
2017,YR2017,Portugal,PRT,37908.8867044554,81.4243902439025,64.1698226928711,98,64.652,5.36912517111152,100,73.8,8.869,1.96367345206825,19.2493833127062,1.36861411643472
2017,YR2017,Puerto Rico,PRI,42547.1707290019,79.258,..,..,93.587,3.49738338296315,100,68.7,10.8,0.81867621374545,50.2294595444349,..
2017,YR2017,Qatar,QAT,115064.943658583,80.717,16.7774391174316,99,99.078,44.8204114980635,100,97.4,0.14,0.214741536757396,56.6879653169453,0.394878914083005
2017,YR2017,Romania,ROU,32821.2365605808,75.209756097561,50.5108184814453,86,53.936,4.17513859382813,100,63.7,4.927,4.43884283682194,29.1130933187854,1.3390212110439
2017,YR2017,Russian Federation,RUS,35932.234375,72.4514634146342,81.7051010131836,98,74.292,12.1351313887513,100,76,5.238,3.55363208990976,30.6732968853437,3.68332944412233
2017,YR2017,Rwanda,RWA,2349.58884305524,65.941,7.34488010406494,97,17.125,0.107301553999898,34.1,17.2,11.875,26.3454376635445,17.2842232487373,8.27953672260832
2017,YR2017,Samoa,WSM,6919.01572845298,72.59,12.5871524810791,67,18.452,1.75887836818149,96.8,39.4,9.4,9.90757564175906,13.1849554636851,1.74989677484705
2017,YR2017,San Marino,SMR,59524.5597904018,..,..,86,97.072,..,100,60.2,..,0.0204788600977845,32.4530315404968,1.04597683468917
2017,YR2017,Sao Tome and Principe,STP,5521.20249597413,68.267,17.4019470214844,90,71.968,0.705416243900082,74.3,32.6,8.808,12.7475187137291,9.07470301028009,5.6902961992902
2017,YR2017,Saudi Arabia,SAU,52431.8392323081,77.16,72.4816665649414,96,83.622,19.4761786472731,100,94.2,5.89,2.86745262435524,44.9459762870026,-0.838194579675018
2017,YR2017,Senegal,SEN,3871.4514678592,67.75,11.7735300064087,90,46.74,0.65930201495289,61.7,29.6,4.078,14.9820338201197,23.2776942790053,1.3181531484778
2017,YR2017,Serbia,SRB,19421.4626558157,75.5390243902439,67.5830535888672,86,55.942,..,100,70.3,13.477,5.05778606525606,26.7732682317356,3.13106248590115
2017,YR2017,Seychelles,SYC,31595.6680570505,74.3,42.2081985473633,99,56.261,11.7744644887994,100,62.6,..,2.13180786598013,11.7738883980069,2.85679575568437
2017,YR2017,Sierra Leone,SLE,2737.36270555146,58.652,..,80,41.636,0.138942736972712,23.4,13.2,3.834,38.7446566249298,3.31845011328389,18.2215094003386
2017,YR2017,Singapore,SGP,115831.111509588,83.0951219512195,84.7929077148438,95,100,10.1381031824474,100,84.5,4.2,0.030800882002243,23.525059681983,0.576260310166349
2017,YR2017,Sint Maarten (Dutch part),SXM,46088.3583839152,75.03,4.19528007507324,..,100,..,100,..,..,..,6.87703253714925,2.19201010962985
2017,YR2017,Slovak Republic,SVK,35011.0941056905,77.1658536585366,49.1256103515625,96,53.751,6.93460032592837,100,81.6,8.142,1.84814166887456,28.0768009837999,1.31194588223228
2017,YR2017,Slovenia,SVN,41665.7069447047,81.0292682926829,79.2703475952148,93,54.273,7.42754990834248,100,78.9,6.564,1.69303673263207,28.0311742193249,1.42910743319306
2017,YR2017,Solomon Islands,SLB,2703.66071353382,69.988,..,84,23.286,0.485800791048781,62.9,15.1,0.725,33.280139396867,17.6023048788903,0.488686760261083
2017,YR2017,Somalia,SOM,1527.11216333352,55.654,..,46,44.391,0.0549587979965178,52.1,2,18.523,..,..,..
2017,YR2017,South Africa,ZAF,14591.4366758593,65.402,21.4171295166016,81,65.85,8.15147357441279,84.4,56.2,27.035,2.49379863849766,23.6105564955695,5.18424664766128
2017,YR2017,South Sudan,SSD,..,55.309,..,56,19.346,..,4.2,4.1,13.111,..,..,187.851630279442
2017,YR2017,Spain,ESP,45383.7598564973,83.2829268292683,91.8877410888672,98,80.08,6.04584322067692,100,84.6,17.224,2.80344676690393,19.9047199031815,1.95607633363963
2017,YR2017,Sri Lanka,LKA,14578.6018622132,75.403,17.947998046875,99,18.384,1.09158272710315,97.5,25.1,4.046,7.4306787796126,31.1282786472283,7.70413767850602
2017,YR2017,St. Kitts and Nevis,KNA,29965.2343163396,71.84,..,93,30.773,2.20828905419766,100,67.8,..,0.902643455834945,26.2859866005102,0.694916711613604
2017,YR2017,St. Lucia,LCA,22422.6120380814,73.127,20.7909393310547,87,18.612,1.11147656258861,99.9,59.2,19.136,1.56041512231282,10.8821349147517,0.104262078958441
2017,YR2017,St. Martin (French part),MAF,..,78.59,..,..,..,..,100,..,..,..,..,..
2017,YR2017,St. Vincent and the Grenadines,VCT,15364.3640486621,74.305,26.0128421783447,99,51.784,1.03158153752969,100,53.7,19.006,6.76902554291306,14.6706100723592,2.15333648840511
2017,YR2017,Sudan,SDN,4061.01831054688,65.445,..,90,34.37,0.554132847201123,53,18.6,12.953,21.2305403131037,16.6174079698297,32.3516260968437
2017,YR2017,Suriname,SUR,22070.5137570835,72.417,..,76,66.041,4.12606764547854,96.6,48.9,7.888,10.9177598208742,38.273693894809,21.9969430173304
2017,YR2017,Sweden,SWE,59829.6019389199,82.409756097561,70.4342498779297,97,87.146,4.16393492825098,100,93,6.718,1.31525688825892,22.1637052639296,1.79449904665589
2017,YR2017,Switzerland,CHE,77499.1652248744,83.5512195121951,62.4597206115723,95,73.761,4.70985016280479,100,89.7,4.797,0.631333510334041,24.2176943229599,0.533787839825897
2017,YR2017,Syrian Arab Republic,SYR,4977.79210063798,68.481,..,78,53.5,1.39461446096234,89.6,32.7,13.597,40.6356075288157,17.2068649072566,18.0752696281771
2017,YR2017,Tajikistan,TJK,3312.71202243506,69.905,31.114070892334,98,26.982,0.763123619708944,99.3,22,11.487,20.2832963188861,31.8468579622965,..
2017,YR2017,Tanzania,TZA,3319.37670898438,65.999,..,90,33.053,0.255109842453824,32.1,14.5,2.303,28.7534809528128,25.0421511861537,5.31871605228931
2017,YR2017,Thailand,THA,20093.963199274,78.394,47.7228775024414,99,49.2,3.8917772939523,99.9,52.9,0.83,8.40641258665047,35.018759526322,0.665631893135106
2017,YR2017,Timor-Leste,TLS,4290.13955638627,67.745,..,77,30.212,0.549890828734932,79.5,24.2,4.248,17.1293898636009,15.7805292822465,0.52297668038404
2017,YR2017,Togo,TGO,2389.21244832869,60.154,12.5233001708984,77,41.162,0.225936250332004,48,12.4,3.744,20.3154574132492,20.4017363638815,-0.981889868943119
2017,YR2017,Tonga,TON,6862.66875643866,70.713,..,99,23.169,1.67811989824974,98.2,46.2,2.131,16.8193763932722,16.4212234408385,7.51706283551115
2017,YR2017,Trinidad and Tobago,TTO,34619.5301546935,74.23,..,93,53.205,23.9644030478398,100,70.6,3.394,1.72011444531291,35.9163127891224,1.88038440183532
2017,YR2017,Tunisia,TUN,12881.7170725617,75.845,31.0175304412842,98,68.642,2.60017211281441,100,55.5,15.33,8.986045690927,23.624101204276,5.30884839565844
2017,YR2017,Turkiye,TUR,27826.8313634732,77.141,110.534072875977,96,74.644,5.39364397893842,100,64.7,10.919,6.03862979568919,29.1317212602651,11.1443110840765
2017,YR2017,Turkmenistan,TKM,14107.6671199289,68.916,..,99,51.153,10.0807261527132,100,21.3,4.044,11.1178074761568,47.0438896506004,..
2017,YR2017,Turks and Caicos Islands,TCA,27058.1148436421,76.702,11.8446598052979,..,92.817,2.20980632876506,100,..,..,..,..,..
2017,YR2017,Tuvalu,TUV,4464.25427205221,64.148,..,95,61.53,0,98.7,35.2,..,..,..,..
2017,YR2017,Uganda,UGA,2543.84754394956,62.115,..,83,23.196,0.149352665733273,32.4,..,3.428,23.4588353827426,26.0309948147929,5.20971705914209
2017,YR2017,Ukraine,UKR,16310.3603515625,71.7809756097561,80.1990203857422,86,69.246,4.52370399084727,100,58.9,9.5,10.1776550393512,23.2888002154817,14.4383227488749
2017,YR2017,United Arab Emirates,ARE,68871.8495814593,79.504,..,99,86.248,22.1460497819364,100,94.8,2.462,0.761757601656358,42.5280347654664,1.96682557818842
2017,YR2017,United Kingdom,GBR,51535.3842876037,81.2560975609756,59.5547981262207,92,83.143,5.77190411357241,100,90.4,4.452,0.594098772522404,17.8050998760133,2.55775577557747
2017,YR2017,United States,USA,66458.0233734963,78.5390243902439,88.1673889160156,91,82.058,15.2550825454735,100,87.3,4.355,0.940362226343714,18.3087442284361,2.13011000365961
2017,YR2017,Uruguay,URY,29859.1279426465,77.625,59.7518882751465,96,95.24,1.88609028702901,99.8,70.3,7.89,5.40639555315725,18.0318920627982,6.2180938256186
2017,YR2017,Uzbekistan,UZB,8047.05375469459,71.01,8.64750289916992,99,50.55,3.70887959456401,100,48.7,5.83,25.4562457149834,24.7253778434458,13.8757425441634
2017,YR2017,Vanuatu,VUT,3465.91968554489,69.71,..,80,25.163,0.681850007360677,62.8,30.8,5.287,21.3702325875497,10.1697773187619,3.08452624403546
2017,YR2017,"Venezuela, RB",VEN,..,71.943,..,96,88.183,4.97159149929481,99.2,61.6,5.045,..,..,..
2017,YR2017,Viet Nam,VNM,10290.5487142244,73.963,..,97,35.213,2.42079237292859,100,58.1,1.874,12.9298794852362,35.3903640729728,3.52025688811617
2017,YR2017,Virgin Islands (U.S.),VIR,43277.1546523522,79.3682926829268,..,..,95.603,0.00186426301022548,100,64.4,12.217,..,..,..
2017,YR2017,West Bank and Gaza,PSE,6426.79521615335,74.833,45.6631011962891,99,75.894,..,99.9,63.3,25.677,7.0405505952381,19.2317708333333,0.212570934228881
2017,YR2017,"Yemen, Rep.",YEM,..,65.957,..,56,36.016,0.314049886976552,79.2,26.7,18.603,26.9610663621827,25.9240409654207,..
2017,YR2017,Zambia,ZMB,3612.50597664593,62.12,..,96,42.976,0.405772040189619,40.3,12.2,4.529,4.0242711937365,37.3040449214626,6.57731154205644
2017,YR2017,Zimbabwe,ZWE,3453.50970838715,60.709,8.54207611083984,90,32.237,0.714627028745081,44,24.4,6.344,7.24774182903909,32.0156264230099,0.893962316050027
2017,YR2017,Africa Eastern and Southern,AFE,4085.879142873,62.9248101271544,8.89616012573242,73.2608200432553,35.3962894579202,1.01287268706958,40.2237441730368,..,7.34633063442169,12.446983160879,26.2854839868401,6.39934341569381
2017,YR2017,Africa Western and Central,AFW,4709.64546122443,56.8266341483196,9.61843013763428,64.0858104738621,46.0941365580819,0.495060473040885,48.9007280475057,..,4.27419620395302,20.3095620048709,24.2821188314794,1.72548602374723
2017,YR2017,Arab World,ARB,16054.9758759011,71.3208697263729,31.1787700653076,84.7666604158036,57.8627472124114,4.71887556951708,90.3510669396465,..,11.1131075474704,5.02901648463872,40.9073562899986,2.17183298510006
2017,YR2017,Caribbean small states,CSS,19132.9393211206,72.4332461951409,..,90.0340982705483,46.2373572113306,2.70506099504005,95.7264156554545,..,10.8687666228548,5.98654191512453,18.1143657163588,1.51820700736147
2017,YR2017,Central Europe and the Baltics,CEB,34765.9114396994,76.927648854983,64.2809066772461,93.1713092766649,62.2529741780182,7.18196645499534,99.8690366431484,..,5.2841808780617,3.07701798818461,28.013807750679,2.0759355367385
2017,YR2017,Early-demographic dividend,EAR,10143.6843835615,70.5180253492573,30.693639755249,86.2825484144,44.6014670203505,2.3350539601054,90.5086728796454,..,6.74512514660323,10.649529750088,31.9644454172832,3.60247741348943
2017,YR2017,East Asia & Pacific,EAS,18492.0848234314,76.2011424337729,47.1814498901367,94.8683079773254,58.1765611121294,6.52618302588045,97.6915359289014,..,3.86565024174878,5.62138713155713,35.0415552294293,1.8003422246862
2017,YR2017,East Asia & Pacific (excluding high income),EAP,14861.3664538301,75.3757926446065,44.4950103759766,94.7813786640595,54.6759933117768,6.04782590343549,97.4453072983769,..,3.91171481452964,8.2096496415768,39.2794135314325,2.91263557371478
2017,YR2017,East Asia & Pacific (IDA & IBRD countries),TEA,15028.6218717963,75.4057549374554,44.7328414916992,94.7330590777099,54.5887621075747,6.08836174076812,98.1121893727336,..,3.9281651171289,8.19579755910054,39.2724664263046,2.88291164981212
2017,YR2017,Euro area,EMU,52727.9437235808,81.8863805892422,73.6465225219727,94.2279617516726,76.5330323551854,7.00903625726849,100,..,9.07353382127944,1.5461417284133,21.6740914583313,1.37503641525339
2017,YR2017,Europe & Central Asia,ECS,40189.7167771336,77.7628908281095,70.6752090454102,95.1607276384745,71.9882838029518,7.25619717283921,99.9636038145672,..,7.49984064761938,2.05172679486304,22.9991177561791,1.91558846458258
2017,YR2017,Europe & Central Asia (excluding high income),ECA,19694.8665842995,73.8912859142249,67.2054290771484,95.5423432772548,63.072832038895,5.20428123134731,99.918274369311,..,8.99139932461298,7.57968339701415,29.4768622373685,4.60357355778866
2017,YR2017,Europe & Central Asia (IDA & IBRD countries),TEC,27003.309028602,73.860189712581,70.679801940918,95.8197160896768,66.1262857786557,7.7197704158522,99.9271264720373,..,7.12553159533485,5.05630268204579,29.6255726515365,3.13106248590115
2017,YR2017,European Union,EUU,49573.9157849063,80.9288274367457,71.7865982055664,94.1145288413869,74.3095469608047,6.98983125135694,99.9698678441673,..,8.1361540581006,1.66299631292614,22.2227298399153,1.42910743319306
2017,YR2017,Fragile and conflict affected situations,FCS,5566.07805260983,61.6159105183906,15.1046104431152,66.4861464864153,42.5843185313941,0.99368003087647,54.5377495544254,..,5.83065194153996,17.0805534031143,..,4.18072331871267
2017,YR2017,Heavily indebted poor countries (HIPC),HPC,2938.85655357096,62.5295170404504,8.67872047424316,73.2069141582601,35.6246731078244,0.294585651092628,41.4761400082642,..,4.38423696813415,21.94366743258,25.3365389675294,4.97595150553892
2017,YR2017,High income,HIC,52534.3132959991,79.789477231299,77.0000915527344,94.0678831157201,79.975248074249,10.8983501019492,99.9606280829871,84.2,5.57255492117066,1.39521683254291,22.7791674464174,1.58734107634072
2017,YR2017,IBRD only,IBD,14659.9706609345,73.6330516756842,42.4549789428711,91.3907620784229,54.4741980035345,4.61855191220855,96.6042977920988,..,6.40287394664439,7.86701577663417,34.2657323046843,3.32389447576097
2017,YR2017,IDA & IBRD total,IBT,11979.534023149,70.9995074332105,32.9423408508301,84.4309959711019,49.7724420267884,3.57321183373518,87.1789503061183,..,5.98894655735445,8.73031774235203,33.5864687603194,3.44637335032669
2017,YR2017,IDA blend,IDB,5422.63573618934,60.8446699300444,9.80747985839844,68.2675498400942,41.7035957694469,0.906029867327723,71.9335816766242,..,4.40074784684901,20.1976654193708,21.8127604622683,1.65049494073163
2017,YR2017,IDA only,IDX,3843.09945198674,64.8497498378811,11.3278503417969,76.2883353325124,33.6657318054966,0.413672256765183,54.418522695952,..,4.63129659471406,19.3084133246583,27.468229841545,4.31421134623784
2017,YR2017,IDA total,IDA,4360.71235764197,63.5022497521401,10.8144702911377,73.5629202413137,36.3729490402555,0.580525781342234,60.317735441149,..,4.55218158153548,19.7012465395172,24.9420562813645,3.89251625363385
2017,YR2017,Late-demographic dividend,LTE,18985.6220688596,76.3982706820151,51.0395698547363,97.0801232675019,61.5185818454451,6.96787867491014,99.2721463558098,..,5.26018396626271,6.32368904323644,35.6166448979381,2.17727572689263
2017,YR2017,Latin America & Caribbean,LCN,18700.3816420238,74.7336265116992,51.729190826416,86.3123141477931,80.3783716386719,2.87180586633861,97.7102884901766,..,8.02872636932909,5.60916040846943,28.1717371669499,2.19201010962985
2017,YR2017,Latin America & Caribbean (excluding high income),LAC,18049.4082214866,74.6405960808436,49.118350982666,85.379846354201,79.8252752102634,2.64848035200486,97.5672245034454,..,8.21313906908208,4.93524685967932,23.8732523790545,3.27955694678546
2017,YR2017,Latin America & the Caribbean (IDA & IBRD countries),TLA,18606.5553357132,74.6564591424147,51.7112503051758,86.1615449546465,80.3667891384065,2.87764159506224,97.6633402843346,..,8.12755696513525,5.76021618598934,27.9372316374958,2.8227580554717
2017,YR2017,Least developed countries: UN classification,LDC,3543.17581555893,64.4004122819752,9.87440967559814,73.8621267190884,33.1242640987107,0.365855658384838,50.2044940868735,..,4.96947310302949,19.8964173081719,28.6891186391776,4.77424402935706
2017,YR2017,Low & middle income,LMY,11005.9385406093,70.8834200003221,32.3191909790039,84.1704747849701,48.8716647296853,3.31519223020803,86.4795383753435,..,5.99678702133241,9.12872464016853,33.3014039925927,3.66699702675916
2017,YR2017,Low income,LIC,2331.75217948734,62.6454844591366,8.99837017059326,69.6199260666234,32.3234211203909,0.33669221102885,39.2540028276042,12.1,5.05750451691876,27.0135821089536,24.901415672826,8.27953672260832
2017,YR2017,Lower middle income,LMC,7105.22060190919,68.2920404040651,22.2717704772949,83.0640652002758,37.9908696780081,1.43711286175433,84.6891101044613,24.7,6.12168566458668,15.805873878084,27.0767535852983,3.52025688811617
2017,YR2017,Middle East & North Africa,MEA,18112.7351709514,73.5281125554958,40.4833908081055,88.7996035680122,64.3220310512805,5.94415937807491,97.4720423781026,..,10.8782866566393,5.07364457331082,38.1778648840558,1.7779598569332
2017,YR2017,Middle East & North Africa (excluding high income),MNA,12415.9398096116,72.7140285449284,37.9091300964355,87.8654166199535,60.7532932410137,3.82335211788928,97.077277537879,..,12.7533116885525,9.3306094557497,34.6779705054137,4.81510028934517
2017,YR2017,Middle East & North Africa (IDA & IBRD countries),TMN,12485.1760800264,72.6900305612885,37.7953491210938,87.6903436391865,60.5818202217676,3.82335211788928,97.0453093642145,..,12.6211399238132,9.35551270560759,34.8459402359833,5.30884839565844
2017,YR2017,Middle income,MIC,11987.7092170025,71.8047791777568,35.2868194580078,87.0761706929837,50.7230712784509,3.64366291817835,91.763100053934,..,6.08241674326591,8.86647888212905,33.4221519763379,3.39697584895255
2017,YR2017,North America,NAC,65459.3381438436,78.8724720142716,86.4678726196289,90.9112068305927,81.9896254023071,15.3514563638973,100,..,4.58063287231783,1.01377788831504,18.7479301114027,1.86349706609469
2017,YR2017,Not classified,INX,..,..,..,..,..,..,..,..,..,..,..,..
2017,YR2017,OECD members,OED,48695.9603427739,79.9315533155999,74.7953720092773,91.1923159919147,80.3961340874754,9.27418073858006,99.9408234681433,..,5.91905932855463,1.4643648839271,22.0534657297074,1.82264336059063
2017,YR2017,Other small states,OSS,25879.6099380056,73.0248701181191,19.8080196380615,86.7923073543625,58.2328276464147,6.82356927668004,90.5135896549814,..,8.07615443502866,2.70235070676567,25.2694686673687,1.76041559180596
2017,YR2017,Pacific island small states,PSS,7371.40869249616,69.1290314691474,21.0226707458496,86.5294015144315,38.279362098949,1.62792893542985,82.1041734677982,..,3.36772015164207,15.8545929727232,14.4751936881862,1.58394248575813
2017,YR2017,Post-demographic dividend,PST,53748.2296923522,80.5794980607462,78.168212890625,92.9637062978174,81.0949533599484,10.2744595875476,99.9706412716672,..,5.85285687668993,1.28247191637492,21.3591491501807,1.73079959118887
2017,YR2017,Pre-demographic dividend,PRE,4190.10566120036,59.899663962263,8.59080982208252,68.9531758402433,40.8948351996284,0.538977539691781,44.3587801999364,..,5.28460931909098,17.5372425445068,29.1363529084838,4.97595150553892
2017,YR2017,Small states,SST,22367.2849944833,72.418736154973,20.3756694793701,87.2270440490859,53.6985827385128,5.43750706702468,90.2284572279253,..,7.95839164590901,3.81624016293612,23.6541874905002,1.63405189110426
2017,YR2017,South Asia,SAS,6885.44356991903,69.9669332766067,23.5852108001709,87.3821500548191,33.5915458577978,1.52670832221094,91.6798198055988,..,6.87856489772945,16.628878092706,25.9869846382196,4.52022867508868
2017,YR2017,South Asia (IDA & IBRD),TSA,6885.44356991903,69.9669332766067,23.5852108001709,87.3821500548191,33.5915458577978,1.52670832221094,91.6798198055988,..,6.87856489772945,16.628878092706,25.9869846382196,4.52022867508868
2017,YR2017,Sub-Saharan Africa,SSF,4338.83303024312,60.4375513983323,9.18089008331299,69.3886983543586,39.7596127978553,0.799649294349674,43.7628194566177,..,6.07750640915143,15.7010967583675,25.4536886179452,5.19698185340168
2017,YR2017,Sub-Saharan Africa (excluding high income),SSA,4336.42025006754,60.4363221585495,9.17982959747314,69.3872924666184,39.7581495526378,0.798666787036808,43.7578326767506,..,6.07750640915143,15.7147961928151,25.4674989163985,5.20971705914209
2017,YR2017,Sub-Saharan Africa (IDA & IBRD countries),TSS,4338.83303024312,60.4375513983323,9.18089008331299,69.3886983543586,39.7596127978553,0.799649294349674,43.7628194566177,..,6.07750640915143,15.7010967583675,25.4536886179452,5.19698185340168
2017,YR2017,Upper middle income,UMC,17052.6409274885,75.456150928902,50.59619140625,93.3085768007649,63.9664218470281,5.94162397839055,99.1210835166054,54.7,6.0511193355803,7.04235811342776,35.0901313560112,3.3475783475784
2017,YR2017,World,WLD,18510.5658892609,72.4954123911282,37.9007797241211,85.2711596008616,54.6466891474647,4.67555693290851,88.9310968401293,45.2,5.90723141254145,4.11042081960417,26.6584033991555,2.25427651934813
,,,,,,,,,,,,,,,
,,,,,,,,,,,,,,,
,,,,,,,,,,,,,,,
Data from database: World Development Indicators,,,,,,,,,,,,,,,
Last Updated: 03/24/2025,,,,,,,,,,,,,,,
